{
  "optimization_completed": true,
  "optimization_results": {
    "best_reward": -1.8096753217505466,
    "total_iterations": 15
  },
  "final_hyperparameters": {
    "ENT_COEF": 0.006727477980909019,
    "N_STEPS": 1024,
    "N_EPOCHS": 1,
    "BATCH_SIZE": 128,
    "TARGET_KL": 0.01647746882131257,
    "GAE_LAMBDA": 0.8199130590297089,
    "GLOBALLEARNINGRATE": 0.0003,
    "CLIP_RANGE": 0.2,
    "CLIP_RANGE_VF": 0.19623438696380677,
    "VF_COEF": 0.26208073424898554,
    "USE_SDE": 